"","Predictor","Estimate","Std..Error","z.value","Pr...z.."
"1","Intercept",3.39086540223258,0.0214160527689187,158.332884160323,0
"2","CommitteeConsideration",0.206472617012446,0.0341730900913812,6.0419650801354,1.5224842172318e-09
"3","DischargePetition",0.304244601631699,0.343731703052294,0.885122317580966,0.376090663821188
"4","CalendarEntry",1.77482242054179,0.0768686731933985,23.0890211422852,5.96898348709133e-118
"5","FloorConsideration",1.3754062142305,0.0656324766701091,20.9561833411186,1.6478222330757e-97
"6","ResolvingDifferences",3.20004596029495,0.455063032936335,7.03209386103365,2.03456853024051e-12
"7","PassedCongress",2.30964033431093,0.0859013236769259,26.8871332297215,3.10571943893666e-159
